ticker, buy date, sell date, buy price, sell price, % change, days in trade
MMM,2000-02-16,2000-08-15,43.745625,47.90625,9.51095109510951,125
MMM,2000-09-22,2000-12-15,43.3125,56.625,30.73593073593073,59
MMM,2001-09-25,2001-11-23,45.045,57.775,28.260628260628252,42
MMM,2002-01-22,2003-03-25,53.286750000000005,65.29,22.52576860101245,295
MMM,2003-03-26,2003-07-31,65.49345,69.8,6.575543050488264,88
MMM,2004-08-17,2005-11-17,77.36850000000001,77.3,-0.08853732462179575,318
MMM,2005-11-18,2005-11-23,77.9625,78.07,0.13788680455344426,3
MMM,2006-02-02,2006-03-29,72.4284,77.81,7.430234548878634,38
MMM,2006-03-30,2006-03-31,76.79429999999999,76.52,-0.35718796837785893,1
MMM,2006-07-25,2006-10-30,70.29,78.99,12.377294067434885,68
MMM,2006-10-31,2006-11-08,78.20009999999999,79.44,1.5855478445679916,6
MMM,2007-02-07,2007-06-06,73.557,87.47,18.91458324836521,82
MMM,2007-11-01,2009-05-08,85.2093,59.21,-30.512279762889726,381
MMM,2009-05-11,2009-05-12,58.8159,59.42,1.0271032152870285,1
MMM,2010-06-09,2010-07-28,74.7153,86.44,15.692502071195591,34
MMM,2011-08-10,2012-01-30,80.19,86.5,7.8688115725152885,118
MMM,2012-01-31,2012-08-21,87.0012,93.98,8.02149855404295,141
MMM,2012-08-22,2013-01-14,91.6344,96.4,5.200666998419812,97
MMM,2013-01-15,2013-02-05,95.8617,101.31,5.683500292609045,14
MMM,2014-02-05,2014-06-11,126.72989009999999,144.66,14.14828805252788,87
MMM,2014-10-06,2014-11-26,139.14450000000002,157.97,13.529460381114578,37
MMM,2014-11-28,2014-12-02,157.98420000000002,158.78,0.5037212582017503,2
MMM,2015-07-29,2015-11-10,149.9256,157.23,4.872016520194,73
MMM,2015-11-11,2016-03-24,156.28140000000002,163.67999,4.734146225974412,91
MMM,2016-03-28,2016-03-30,163.28069010000002,165.37,1.2795817427770695,2
MMM,2016-10-27,2016-12-14,165.2013,179.16,8.449509779886721,33
MMM,2016-12-15,2017-03-17,175.4873901,190.82001,8.737163331942455,62
MMM,2017-07-28,2017-09-21,198.78209009999998,210.89999,6.096072283928566,38
MMM,2017-09-22,2017-10-18,207.5436,217.52,4.806893587660621,18
MMM,2018-02-12,2020-06-11,225.21510990000002,160.24001,-28.85024007885183,586
AXP,2000-02-29,2002-03-06,39.2834673,34.47807,-12.23262005693677,504
AXP,2002-03-07,2002-03-08,34.644555000000004,35.012,1.0606139983613483,1
AXP,2002-06-18,2003-03-25,32.625489599999995,31.5108,-3.4166218305578977,193
AXP,2003-03-26,2003-05-19,30.502454399999998,35.1433,15.214662856770001,37
AXP,2004-07-21,2004-10-11,42.7640994,45.75193,6.98677311558209,57
AXP,2005-01-19,2005-06-16,45.926991,48.11524,4.764625228767971,103
AXP,2005-06-17,2005-08-15,47.92004909999999,49.45445,3.2020019361791663,40
AXP,2008-01-17,2008-05-05,43.857,50.33,14.759331463620406,74
AXP,2008-05-06,2009-04-15,49.400999999999996,17.85,-63.867128195785504,237
AXP,2009-04-16,2009-04-21,20.176199999999998,18.03,-10.637285514616213,3
AXP,2011-08-08,2012-02-29,45.3915,53.46,17.775354416575784,141
AXP,2012-03-01,2012-03-21,52.4997,57.08,8.724430806271277,14
AXP,2014-08-11,2016-03-23,87.0408,60.7,-30.262589498258286,407
AXP,2016-03-24,2016-05-02,59.617799999999995,65.58,10.00070448758592,26
AXP,2016-06-30,2016-11-21,59.2713,71.31,20.311179272261626,100
AXP,2016-11-22,2016-11-29,71.1018,72.2,1.5445459889904312,4
AXP,2018-02-07,2018-04-23,92.5947,100.78,8.839922803356991,51
AXP,2018-04-24,2018-08-30,100.1781,106.6,6.410482929901828,90
AXP,2018-10-15,2019-02-15,101.8215,107.33,5.409957621916783,84
AXP,2019-02-19,2019-02-20,105.9795,106.57,0.5571832288319811,1
AXP,2020-03-05,2020-06-10,110.5038,110.0,-0.4559119233908726,67
AMGN,2001-03-26,2001-11-28,57.110625,65.2,14.164395854536703,168
AMGN,2001-11-29,2003-03-20,64.0728,58.14,-9.25946735588269,327
AMGN,2003-03-21,2003-04-28,58.1625,62.61,7.646679561573166,25
AMGN,2004-05-24,2005-08-09,53.6976,79.03,47.17603766276333,305
AMGN,2005-08-10,2005-09-13,79.4079,83.5,5.153265607074364,23
AMGN,2005-10-14,2006-08-07,75.3984,68.56,-9.069688481453175,203
AMGN,2006-08-08,2006-09-25,67.15169999999999,71.14,5.939239066174062,33
AMGN,2006-12-07,2007-01-19,69.2406,73.94,6.787058459920914,27
AMGN,2007-02-22,2007-05-04,66.1716,63.76,-3.6444637880903574,50
AMGN,2007-05-07,2007-09-17,63.36,55.65,-12.168560606060607,92
AMGN,2007-09-18,2008-06-27,54.8559,46.29,-15.615275658589134,196
AMGN,2008-06-30,2008-08-21,46.124100000000006,63.01,36.60971162580948,37
AMGN,2008-10-14,2009-07-13,52.9353,58.03,9.624390529571002,186
AMGN,2009-07-14,2009-07-21,57.321,58.67,2.353413234242252,5
AMGN,2009-10-30,2010-03-25,53.5689,59.4,10.885233783034565,99
AMGN,2010-03-26,2011-05-24,58.7466,60.53,3.035750154051464,293
AMGN,2011-05-25,2012-01-05,59.390100000000004,63.82,7.458987272289486,155
AMGN,2012-01-06,2012-01-10,63.59759999999999,64.55,1.497540787702678,2
AMGN,2013-01-23,2013-03-12,82.2294,91.58,11.371358662473519,33
AMGN,2015-08-27,2016-04-08,153.3312,158.24001,3.201442367893814,154
AMGN,2016-04-11,2016-04-25,154.8359901,163.14999,5.369552579235903,10
AMGN,2016-10-27,2017-01-12,158.1129099,155.44,-1.6905070570711223,52
AMGN,2017-01-13,2017-02-07,153.7272,167.0,8.63399580555686,16
AMGN,2017-05-24,2017-06-28,153.22230000000002,171.42,11.876665472323534,24
AMGN,2017-11-01,2018-01-26,173.547,191.05,10.08545235584597,58
AMGN,2018-01-29,2018-01-31,194.2479099,191.64,-1.3425678048956002,2
AMGN,2018-03-27,2018-07-12,174.39839999999998,194.19,11.348498610079005,74
AMGN,2018-10-30,2019-06-25,187.5356901,184.60001,-1.5653980841911275,162
AMGN,2019-06-26,2019-07-08,182.8629099,184.66,0.9827526538775722,7
BA,1999-12-10,2000-01-21,37.681875,46.5,23.401502711847556,28
BA,2000-02-23,2000-07-11,38.300625,43.0625,12.432891108173827,96
BA,2000-07-12,2000-08-09,43.869375,48.5625,10.69795272898235,20
BA,2001-06-28,2002-01-09,57.123000000000005,40.39,-29.292929292929294,130
BA,2002-01-10,2002-02-20,39.699,43.8,10.330235018514312,27
BA,2003-02-28,2003-06-10,27.72,33.81,21.969696969696972,70
BA,2003-06-11,2003-06-19,33.9669,35.45,4.366309554301395,6
BA,2004-03-18,2004-06-01,39.3525,45.9,16.638078902229836,51
BA,2004-06-02,2004-06-04,46.7478,46.3,-0.9579060404981687,2
BA,2005-01-06,2005-03-14,50.1732,57.5,14.603015155501332,45
BA,2007-11-26,2008-05-01,89.595,84.86,-5.284893130196999,108
BA,2008-05-02,2008-05-08,85.45679999999999,84.71,-0.8738918377472538,4
BA,2008-06-13,2009-05-08,74.0124,43.96,-40.60454734612038,227
BA,2009-05-11,2009-05-12,44.807399999999994,44.54,-0.5967764253225871,1
BA,2010-11-16,2011-01-11,62.7165,69.47,10.768298613602468,38
BA,2011-01-12,2011-01-14,68.904,69.55,0.93753628236386,2
BA,2011-08-10,2012-10-22,60.3108,73.8,22.36614337730556,303
BA,2012-10-23,2013-03-22,72.2601,84.52,16.9663479568946,101
BA,2014-02-10,2014-06-11,127.67040990000001,135.25,5.93684167375732,84
BA,2014-06-27,2014-12-02,126.78930989999999,132.5,4.504078541403911,109
BA,2014-12-03,2015-02-26,131.32349010000001,152.31,15.980773800649995,57
BA,2015-02-27,2015-10-29,149.49,147.53999,-1.304441768680198,170
BA,2015-10-30,2016-03-24,145.9259901,131.61,-9.810445754172747,99
BA,2016-03-28,2016-04-29,131.2047,134.42,2.4505981874124894,24
BA,2018-11-27,2019-03-06,312.12719999999996,429.70001,37.668235898697745,66
BA,2019-05-15,2020-06-11,336.4019901,179.41,-46.66797305608449,271
CAT,1999-12-01,2000-11-24,22.955625,18.90625,-17.64001197963463,249
CAT,2000-11-27,2000-11-29,19.243125,19.5,1.3348923316768957,2
CAT,2001-09-19,2002-03-01,22.69575,27.7,22.049282354625866,112
CAT,2002-03-04,2002-03-14,27.918,28.84,3.30252883444373,8
CAT,2002-06-19,2002-11-27,24.156,23.625,-2.1982116244411265,113
CAT,2002-11-29,2002-12-03,24.651,24.485,-0.6734006734006703,2
CAT,2004-08-09,2004-10-06,35.02125,40.185,14.744619338258925,41
CAT,2005-04-20,2005-06-17,44.5005,49.5,11.234705228031139,41
CAT,2005-10-25,2005-11-25,49.9257,58.02,16.212692060401768,22
CAT,2006-06-12,2007-02-06,67.71600000000001,64.5,-4.749246854510025,164
CAT,2007-02-07,2007-02-12,64.251,64.75,0.7766416086909089,3
CAT,2008-01-15,2008-04-22,65.6964,83.14,26.551835412594915,67
CAT,2008-04-23,2009-05-08,81.675,38.49,-52.87419651056015,263
CAT,2009-05-11,2009-07-23,38.3625,38.76,1.036168132942339,51
CAT,2009-07-24,2009-08-12,40.5207,45.9,13.27543699886724,13
CAT,2011-08-08,2011-11-01,85.3677,90.0,5.426291208501577,60
CAT,2011-11-02,2012-02-13,92.0997,112.7,22.367390990415824,69
CAT,2012-05-22,2012-12-21,91.8324,87.5,-4.717724898837449,147
CAT,2012-12-24,2013-01-09,86.6349,94.1,8.616735287972844,10
CAT,2013-02-27,2013-10-24,89.1594,83.32,-6.5493935580544616,167
CAT,2013-10-25,2014-01-03,83.4768,90.0,7.814386751768154,47
CAT,2014-08-05,2015-05-01,100.0989,87.69,-12.39663972331364,186
CAT,2015-05-04,2016-03-09,86.8527,72.33,-16.721069120476393,214
CAT,2016-03-10,2016-03-21,71.3097,75.53,5.918269183575298,7
CAT,2018-07-06,2018-09-27,133.7589,153.02,14.39986423333326,58
CAT,2018-11-01,2019-06-26,121.36410000000001,134.25999,10.625786373400349,161
CAT,2019-06-27,2019-07-03,134.343,136.44,1.5609298586454212,4
CAT,2019-08-14,2019-10-25,115.4142,135.0,16.970008889720688,51
CAT,2019-10-28,2019-11-01,138.5703,139.37,0.5771077929397572,4
CAT,2020-01-29,2020-06-10,136.2141,133.45,-2.0292319223927713,92
CVX,2000-02-08,2000-04-05,39.661875,44.8125,12.986337635323597,40
CVX,2000-04-06,2001-03-14,43.56,44.575,2.3301193755739247,235
CVX,2001-03-15,2001-04-30,44.31735,48.745,9.990782391095143,31
CVX,2001-07-02,2002-03-21,44.79255,44.925,0.29569649417147126,177
CVX,2002-03-22,2003-05-30,44.55,35.175,-21.04377104377104,299
CVX,2003-06-02,2003-06-18,35.3925,37.155,4.9798686162322525,12
CVX,2005-04-19,2005-06-23,52.272,57.85,10.671104989286807,46
CVX,2007-03-07,2007-04-02,67.122,74.05,10.321504126813853,18
CVX,2008-01-22,2008-04-22,77.4477,92.49,19.42252642751172,63
CVX,2008-04-23,2008-04-25,93.3075,92.66,-0.6939420732524293,2
CVX,2008-07-22,2009-10-26,85.6548,76.96,-10.15097811214316,319
CVX,2009-10-27,2010-04-08,75.06179999999999,76.93,2.4888824941581733,111
CVX,2010-04-09,2010-04-23,77.2596,81.04,4.89311360659388,10
CVX,2010-07-08,2010-08-12,69.4782,76.41,9.9769424078344,25
CVX,2011-08-08,2011-11-01,93.3372,101.47,8.713353303934547,60
CVX,2011-11-02,2012-08-14,102.92039999999999,113.7,10.473725325591454,196
CVX,2012-08-15,2012-08-20,111.00869999999999,112.69,1.5145659754595808,3
CVX,2012-11-19,2013-01-24,102.6333,115.49,12.526830960321833,44
CVX,2013-08-23,2013-09-20,117.5031,125.66,6.941859406262463,19
CVX,2013-10-14,2014-04-28,116.1567,124.26,6.976179591878906,134
CVX,2014-04-29,2014-05-02,124.6608,123.9,-0.6102960994955775,3
CVX,2014-10-07,2015-10-13,116.2953,87.8,-24.50253793575493,256
CVX,2015-10-14,2015-10-20,87.3477,89.5,2.4640603015305462,4
CVX,2017-02-03,2017-08-04,111.2859,109.43,-1.6676865622688886,126
CVX,2018-02-07,2018-05-16,116.226,129.28999,11.24016140966737,68
CVX,2018-05-17,2018-05-21,127.47239009999998,128.78999,1.0336355182219314,2
CVX,2018-10-26,2019-03-08,109.52369999999999,120.1,9.656631395761828,89
CVX,2019-03-11,2019-03-20,121.6413,125.04,2.7940345918697096,7
CSCO,2000-12-22,2001-11-19,40.033125,20.14,-49.69166159274351,224
CSCO,2001-11-20,2001-11-21,20.3841,19.61,-3.7975677120893225,1
CSCO,2002-02-25,2002-11-25,15.206399999999999,15.0,-1.3573232323232265,191
CSCO,2002-11-26,2003-01-16,14.751,15.08,2.2303572639143177,34
CSCO,2004-08-17,2005-06-01,18.2061,19.4,6.557692202064147,199
CSCO,2005-06-02,2006-01-17,19.3743,18.7,-3.4803838074149884,157
CSCO,2006-01-18,2006-03-08,18.215999999999998,20.71,13.691260430390884,34
CSCO,2006-07-18,2006-08-18,17.849700000000002,20.82,16.640615808669047,23
CSCO,2006-08-21,2006-08-24,20.4039,21.31,4.440817686814769,3
CSCO,2008-01-10,2009-08-06,25.7994,22.04,-14.571656705194691,396
CSCO,2009-08-07,2009-08-10,22.265099999999997,21.98,-1.2804793151613758,1
CSCO,2010-05-28,2010-10-15,23.2848,23.24,-0.19240019240019945,97
CSCO,2010-10-18,2010-10-20,23.116500000000002,22.91,-0.8933013215668528,2
CSCO,2010-12-07,2011-11-02,19.503,17.74,-9.039634927959806,229
CSCO,2011-11-03,2012-02-10,17.8002,19.79,11.178526083976582,67
CSCO,2012-05-30,2012-08-31,16.2954,19.1,17.210992059108698,66
CSCO,2012-09-04,2012-09-10,18.800099999999997,19.43,3.3505140930101485,4
CSCO,2012-10-31,2012-12-10,17.2062,19.35,12.459462286850108,27
CSCO,2012-12-11,2012-12-24,19.651500000000002,19.87,1.1118744116225265,9
CSCO,2013-09-05,2014-04-03,23.5719,23.05,-2.214076930582598,145
CSCO,2014-04-04,2014-05-21,23.0472,24.22,5.088687562914362,32
CSCO,2014-10-20,2014-12-09,22.671,26.95,18.87433284813198,35
CSCO,2015-07-02,2015-10-22,27.0963,28.56,5.401844532279321,78
CSCO,2015-10-23,2015-10-27,28.7298,28.72,-0.03411092315297459,2
CSCO,2015-11-17,2016-03-22,26.532,28.2,6.286748077792859,85
CSCO,2016-03-23,2016-07-29,27.977400000000003,30.6,9.373994724313196,89
CSCO,2017-05-23,2017-09-28,31.511699999999998,33.22,5.421161029078103,89
CSCO,2018-10-15,2019-03-08,45.064800000000005,50.72,12.549040492801456,98
CSCO,2019-03-11,2019-03-25,50.6286,52.7,4.0913633795917725,10
KO,2000-02-29,2001-08-22,24.162187499999998,24.155,-0.02974689274304332,374
KO,2001-08-23,2001-08-28,23.9976,24.255,1.0726072607260662,3
KO,2002-07-16,2003-06-11,25.26975,23.19,-8.230196183183436,228
KO,2003-06-12,2003-06-18,23.02245,23.355,1.444459646996732,4
KO,2004-08-12,2005-05-11,21.997799999999998,22.065,0.30548509396395307,188
KO,2005-05-12,2005-05-24,21.864150000000002,22.385,2.3822101476618007,8
KO,2005-06-28,2006-05-12,21.131549999999997,21.64,2.4061178664130267,220
KO,2006-05-15,2006-05-31,21.37905,21.85,2.2028574702804837,11
KO,2007-03-01,2007-04-12,22.9779,24.825,8.038593605159727,29
KO,2007-04-13,2007-05-11,24.893549999999998,26.225,5.348574229067382,20
KO,2008-05-16,2009-05-22,28.2447,23.335,-17.382730211331687,256
KO,2009-05-26,2009-05-27,23.265,23.565,1.2894906511927928,1
KO,2010-02-10,2010-07-29,27.027,27.54,1.8981018981018893,117
KO,2010-07-30,2010-08-12,27.08145,27.765,2.5240524418005617,9
KO,2012-09-04,2013-02-11,37.144800000000004,38.71,4.213779586913913,108
KO,2013-02-12,2013-03-25,37.728899999999996,40.11,6.311077184863612,28
KO,2013-08-29,2014-04-30,38.0853,40.69,6.839121655861979,167
KO,2014-05-01,2014-06-23,40.3821,41.46,2.6692519705513007,36
KO,2014-08-07,2014-10-10,39.5604,43.88,10.918999807888706,45
KO,2014-12-18,2015-08-07,41.4414,41.81,0.8894487155356678,159
KO,2015-08-27,2015-10-14,38.6694,41.56,7.475161238602102,33
KO,2016-07-29,2017-04-20,43.2828,43.2,-0.19130000831738547,182
KO,2017-04-21,2017-05-10,42.5502,43.48,2.1851836184083817,13
KO,2018-02-13,2018-08-03,43.4808,46.23,6.322790749020246,119
KO,2018-12-27,2019-04-25,46.272600000000004,47.74,3.1712071506679873,81
KO,2019-04-26,2019-05-02,47.5101,48.53,2.1467014382205107,4
DIS,2000-11-13,2001-05-24,30.580882199999998,32.66301,6.808592984279582,132
DIS,2001-05-25,2003-06-10,32.238726299999996,20.2923,-37.05613611664303,509
DIS,2003-06-11,2003-11-11,20.3628447,22.73882,11.668189464706757,107
DIS,2004-05-12,2004-10-13,22.4528337,24.49479,9.094425796241467,106
DIS,2004-10-14,2004-10-15,24.4256463,24.48493,0.24271087557670157,1
DIS,2005-06-29,2005-11-21,25.1581176,24.71182,-1.7739705612951018,101
DIS,2005-11-22,2006-03-01,24.3377442,27.622,13.494495516967419,66
DIS,2007-06-15,2008-05-12,33.759,34.15,1.1582096626084892,228
DIS,2008-05-13,2008-05-14,34.2342,34.5,0.7764165658902478,1
DIS,2008-07-17,2009-05-12,30.195,24.9,-17.536015896671643,206
DIS,2009-05-13,2009-07-28,23.6511,26.57,12.341497858450555,52
DIS,2011-06-10,2012-01-12,38.7585,38.62,-0.3573409703677921,149
DIS,2012-01-13,2012-02-16,38.0853,41.23,8.2569915426687,23
DIS,2012-11-13,2013-01-31,46.8072,53.84,15.025038882906916,53
DIS,2014-10-20,2015-02-10,83.38770000000001,101.96,22.27222959741062,77
DIS,2015-08-10,2015-11-05,108.9,113.26,4.003673094582183,62
DIS,2015-11-06,2015-11-12,113.454,115.6,1.891515504080954,4
DIS,2016-01-13,2016-04-29,100.8612,103.95,3.062426383981154,74
DIS,2016-05-02,2016-11-21,102.267,98.11,-4.064849853814034,142
DIS,2016-11-22,2016-12-01,96.426,99.13,2.8042229274262143,6
DIS,2017-05-22,2017-08-03,106.57350000000001,108.52,1.8264390303405431,51
DIS,2017-08-04,2017-11-15,107.1477,102.75,-4.104334484081318,72
DIS,2017-11-16,2017-12-06,102.5937,107.17,4.460605280831098,13
DIS,2018-12-27,2019-05-03,103.3659,135.22,30.81683611326367,87
DOW,2020-01-30,2020-06-11,47.8269,41.1,-14.065097256982995,92
GS,2000-05-31,2000-07-18,71.28,102.0,43.0976430976431,33
GS,2001-03-14,2001-11-16,84.051,88.6,5.412190217843915,169
GS,2001-11-19,2003-04-17,87.8625,75.2,-14.411722862427078,354
GS,2003-04-21,2003-04-25,75.339,77.23,2.5099881867293172,4
GS,2004-05-14,2004-11-09,93.17880000000001,100.22,7.556654517980466,123
GS,2007-03-07,2007-04-25,195.5052,221.89999,13.500812254610107,34
GS,2007-07-26,2007-10-12,196.02,230.67,17.676767676767668,55
GS,2007-10-15,2008-05-06,230.9175,194.60001,-15.727474097892102,140
GS,2008-05-07,2009-07-28,195.6240099,162.3,-17.034723864946187,308
GS,2009-07-29,2009-08-07,157.6179099,168.3,6.7772057799632135,7
GS,2010-04-28,2010-08-09,155.0934,155.92999,0.5394104455766602,71
GS,2010-09-01,2010-11-01,137.6198901,161.77,17.548415336221822,42
GS,2011-05-31,2012-01-31,139.4118099,110.69,-20.602135443619986,169
GS,2012-02-01,2012-02-03,111.48389999999999,115.61,3.7010725315494097,2
GS,2012-05-30,2012-09-21,95.7132,118.36,23.66110421551051,80
GS,2012-09-24,2012-10-17,115.17660000000001,123.32,7.070359777940993,17
GS,2014-02-05,2014-06-25,158.9841,167.82001,5.557731873816296,97
GS,2014-06-26,2014-07-29,165.33,176.17,6.556583802092764,22
GS,2015-01-22,2015-05-27,177.0219,206.89,16.872545148368644,86
GS,2015-08-28,2016-09-02,185.7141,168.52,-9.258370796832327,256
GS,2016-09-06,2016-09-12,167.0328,167.00999,-0.013656000498118992,4
GS,2017-03-29,2017-10-10,227.09609999999998,242.8,6.915090131446577,135
GS,2017-10-11,2017-12-14,239.57999999999998,257.13,7.32531930879039,45
GS,2018-05-31,2019-01-23,225.0666,197.55,-12.225981109591554,162
GS,2019-01-24,2019-07-03,194.2578,207.3,6.713861682774125,111
GS,2019-07-05,2019-07-09,204.7914,203.75,-0.508517447510004,2
GS,2020-03-03,2020-06-10,206.91,217.73,5.229326760427244,69
HD,2000-05-31,2001-05-23,46.2825,52.85,14.190028628531316,247
HD,2001-05-24,2003-03-25,51.975,24.35,-53.15055315055315,457
HD,2003-03-26,2003-04-25,24.8985,27.65,11.05086651806333,21
HD,2003-12-12,2004-08-24,34.402499999999996,36.19,5.195843325339733,174
HD,2004-08-25,2004-09-09,35.8578,37.25,3.8825583276163034,10
HD,2005-03-28,2005-07-22,37.916999999999994,43.22,13.985811113748458,82
HD,2006-07-20,2006-09-19,34.174800000000005,36.7,7.389070309116663,42
HD,2007-03-07,2008-01-25,38.3229,29.61,-22.735492355745514,224
HD,2008-01-28,2008-09-05,28.2249,28.32,0.3369365347618558,154
HD,2008-09-08,2008-09-10,29.502,29.34,-0.5491153142159866,2
HD,2008-10-14,2009-04-15,22.423499999999997,25.22,12.471291279238317,125
HD,2010-06-28,2010-09-23,29.848499999999998,30.61,2.551216979077675,61
HD,2010-09-24,2010-10-13,30.9573,31.63,2.1729931227852495,13
HD,2011-06-15,2011-12-09,34.0065,40.12,17.97744548836251,124
HD,2011-12-12,2011-12-23,39.4515,41.98,6.409135267353561,9
HD,2012-05-22,2012-08-28,47.5101,56.24,18.374829773037725,68
HD,2013-08-23,2014-01-03,73.4085,81.91,11.581083934421743,91
HD,2014-02-07,2014-03-04,75.4083,82.89,9.921586881019739,16
HD,2015-05-04,2015-08-21,108.8406,119.54,9.830339046275016,77
HD,2016-01-20,2016-04-08,116.7111,134.62,15.344641597928565,55
HD,2016-04-11,2016-04-20,132.2442,135.75,2.651004732154605,7
HD,2016-06-16,2016-12-16,124.78949999999999,136.11,9.071676703568832,128
HD,2016-12-19,2016-12-22,133.7094,136.25,1.9000907939157763,3
HD,2018-10-15,2019-02-21,190.43640000000002,191.85001,0.7423003165361042,87
HD,2019-02-22,2019-04-03,189.7731,194.98,2.7437502996999985,28
HD,2019-11-26,2020-01-27,216.57239009999998,228.2,5.3689253254447955,40
HD,2020-03-03,2020-06-11,227.7297,248.4101,9.081116780112563,70
HON,2000-02-01,2000-11-06,45.3041226,49.33687,8.901502045643861,194
HON,2000-11-07,2000-11-09,49.669359299999996,50.52858,1.7298807798392657,2
HON,2001-03-14,2001-05-23,38.2253553,50.14724,31.188420896116575,49
HON,2001-05-24,2002-03-06,48.711366,36.60939,-24.844255034851624,192
HON,2002-03-07,2002-03-14,37.6590456,38.40173,1.9721275145645256,5
HON,2002-07-19,2003-06-10,29.9667852,26.09372,-12.924526852483332,224
HON,2003-06-11,2003-06-20,25.9082901,27.06616,4.469109676983285,7
HON,2004-03-15,2004-06-22,31.1465781,34.56918,10.988693168833219,68
HON,2004-06-23,2004-06-25,34.6859667,35.16027,1.3674213093215926,2
HON,2004-10-27,2005-02-08,31.2692787,35.84669,14.638685285695452,71
HON,2005-10-25,2006-02-22,32.6850381,39.73644,21.573791281583365,81
HON,2006-02-23,2006-02-24,39.3107616,39.34556,0.08852130710181871,1
HON,2006-06-16,2006-10-02,36.7435332,38.84981,5.732374152848196,74
HON,2006-10-03,2006-10-09,39.037046399999994,40.07012,2.646392837753231,4
HON,2008-06-10,2009-01-08,51.3635463,32.62431,-36.48353287475402,147
HON,2009-01-09,2009-08-06,32.996502,33.84462,2.5703270001165457,144
HON,2009-08-07,2009-08-11,33.8553864,34.12109,0.784819280633009,2
HON,2010-02-10,2010-03-18,35.601489,40.91862,14.93513656128258,25
HON,2011-08-15,2012-02-08,44.4546729,57.26891,28.825399590331923,122
HON,2012-02-09,2012-09-19,56.5074477,58.44155,3.4227387339598403,154
HON,2012-09-20,2013-01-09,57.338028,62.97006,9.822507324458375,74
HON,2014-08-08,2014-12-02,85.992885,92.92493,8.061184364264552,80
HON,2014-12-03,2016-03-24,92.62804320000001,106.2149,14.6681893847888,328
HON,2016-03-28,2016-04-21,105.2565723,109.93304,4.442922278212924,18
HON,2016-09-13,2016-12-15,106.4929932,111.47724,4.680351871262833,66
HON,2016-12-16,2017-03-15,107.8289982,121.0809,12.289738401742834,59
HON,2018-02-12,2018-07-31,141.41881709999998,150.99411,6.770876108537349,117
HON,2018-08-01,2018-09-10,151.74245789999998,156.79272,3.3281799767130416,27
HON,2018-10-15,2019-03-05,149.3921583,154.50999,3.425769972291759,95
HON,2019-03-06,2019-03-21,152.5590099,156.37,2.4980432833813238,11
HON,2019-08-07,2019-11-08,161.3304099,179.66,11.36152205362988,66
HON,2020-03-02,2020-06-10,161.4591,156.95061,-2.792341837654233,70
IBM,2000-10-27,2001-01-23,92.07,109.5625,18.999131095905298,58
IBM,2001-07-12,2001-10-30,104.84100000000001,107.8,2.8223691113209437,73
IBM,2001-10-31,2001-11-15,108.50399999999999,114.1,5.15741355157413,11
IBM,2002-01-25,2002-08-21,107.41499999999999,81.9,-23.75366568914955,144
IBM,2002-08-22,2002-11-06,80.1405,80.8,0.8229297296622695,53
IBM,2002-11-07,2003-09-08,79.2,88.45,11.679292929292927,208
IBM,2004-03-15,2004-11-22,91.67399999999999,94.3,2.8644981128782554,175
IBM,2004-11-23,2004-11-29,93.753,94.94,1.2660928183631404,3
IBM,2005-01-26,2005-07-19,91.377,84.72,-7.285203059850942,120
IBM,2005-07-20,2005-07-29,82.368,83.3,1.1315073815073795,7
IBM,2006-06-12,2006-08-22,76.85369999999999,79.28,3.1570373319697254,50
IBM,2006-08-23,2006-09-01,78.1605,81.13,3.799233628239329,7
IBM,2007-03-07,2007-04-27,93.0303,100.3,7.814335759424629,36
IBM,2007-11-14,2008-04-22,105.0588,123.87,17.905401546562505,108
IBM,2008-04-23,2009-08-06,122.45309999999999,118.31,-3.383417814657197,325
IBM,2009-08-07,2009-08-11,116.9289,118.03,0.9416833648482115,2
IBM,2012-06-07,2012-09-20,193.3272,205.85001,6.477521011011378,73
IBM,2012-09-21,2012-10-09,205.28640000000001,209.95,2.271753024067835,12
IBM,2012-10-23,2013-01-30,191.5947,203.69,6.312961684221952,65
IBM,2013-01-31,2013-02-05,201.2868099,204.31,1.5019315480740758,3
IBM,2013-04-24,2015-05-01,190.23839999999998,173.2,-8.956341096224529,509
IBM,2015-05-04,2016-03-24,172.7253,144.98,-16.063251880297802,225
IBM,2016-03-28,2016-03-31,146.2725,149.78999,2.404751405766614,3
IBM,2017-04-18,2017-10-25,169.0820901,156.00999,-7.731215111114831,133
IBM,2017-10-26,2017-12-06,152.7669,154.10001,0.8726432231065839,28
IBM,2018-06-27,2019-02-08,137.71890000000002,132.34,-3.9057093833889334,155
IBM,2019-02-11,2019-03-01,132.9470901,139.31,4.78604676131984,13
IBM,2019-06-04,2019-08-01,128.2644,148.89999,16.088322246858834,41
IBM,2020-03-03,2020-06-10,133.1352,132.12,-0.7625331242225863,69
INTC,2000-09-20,2001-11-19,60.6375,30.81,-49.18985776128634,290
INTC,2001-11-20,2001-11-21,30.4029,29.54,-2.8382160912281407,1
INTC,2002-05-08,2003-06-09,26.967599999999997,21.59,-19.940966196472797,273
INTC,2003-06-10,2003-06-12,21.6909,22.01,1.4711238353410927,2
INTC,2004-07-23,2004-11-10,22.8096,22.91,0.4401655443322161,77
INTC,2004-11-11,2004-11-22,22.7997,23.96,5.089102049588368,7
INTC,2005-09-29,2005-12-06,23.7501,27.04,13.852152201464406,47
INTC,2005-12-07,2006-09-01,26.4033,19.9,-24.63063329205063,185
INTC,2006-09-05,2006-09-07,19.7505,19.23,-2.635376319586835,2
INTC,2007-03-07,2007-04-30,19.1664,21.78,13.636363636363647,37
INTC,2007-05-01,2007-05-11,21.3444,22.32,4.57075392140327,8
INTC,2008-01-10,2008-05-21,22.3443,23.88,6.872893758139642,91
INTC,2008-05-22,2008-08-14,23.5818,23.91,1.3917512658066844,58
INTC,2008-08-15,2009-08-06,24.1065,18.93,-21.47346151452928,245
INTC,2009-08-07,2009-09-02,18.7209,19.62,4.802653718571226,18
INTC,2010-08-30,2010-11-01,18.0675,20.35,12.633181126331827,44
INTC,2010-11-02,2010-11-11,20.433600000000002,20.69,1.2547960222378807,7
INTC,2011-03-18,2011-05-10,19.7802,22.85,15.519559964004404,36
INTC,2011-08-10,2011-10-21,20.0673,23.86,18.899901830340895,51
INTC,2012-05-25,2013-01-22,25.462799999999998,21.28,-16.42710149708594,163
INTC,2013-01-23,2013-04-26,20.988,23.31,11.063464837049741,65
INTC,2015-07-14,2015-10-14,29.3634,31.39,6.901789302328765,65
INTC,2015-10-15,2015-10-30,32.5116,34.1,4.885640817431325,11
INTC,2016-01-12,2016-03-22,32.4324,32.16,-0.8399008399008534,48
INTC,2016-03-23,2016-06-27,32.1453,31.41,-2.287426155612171,66
INTC,2016-11-08,2017-05-01,34.254,36.11,5.41834530273837,118
INTC,2017-06-29,2017-08-11,33.5808,36.26,7.978368591576124,30
INTC,2018-06-29,2019-03-01,49.0347,53.44,8.984045991919999,167
INTC,2019-03-04,2019-03-07,53.2125,52.77,-0.8315715292459447,3
INTC,2019-05-06,2019-07-26,49.7475,52.69,5.914870093974556,57
INTC,2019-07-29,2019-09-16,51.0147,51.9,1.7353821545554426,34
JNJ,1999-12-10,2000-07-07,47.025,49.75,5.79479000531633,144
JNJ,2000-07-10,2001-01-03,49.871249999999996,51.5,3.2659097175226304,123
JNJ,2001-03-23,2001-05-22,43.38675,50.32,15.98010913470127,41
JNJ,2001-05-23,2001-06-11,49.277249999999995,50.6,2.684301579329218,12
JNJ,2001-12-10,2002-03-06,55.935,61.79,10.467506927683923,58
JNJ,2002-06-18,2003-03-25,56.43,56.5,0.12404749246854863,193
JNJ,2003-03-26,2004-04-19,56.5191,53.77,-4.8640194199836895,268
JNJ,2004-04-20,2004-06-07,53.1729,56.53,6.313554461013049,33
JNJ,2005-06-27,2006-03-24,64.8648,60.66,-6.482406482406489,187
JNJ,2006-03-27,2006-05-18,59.4693,60.3,1.396855184103396,37
JNJ,2007-03-21,2007-04-25,60.4593,64.75,7.096840353758638,24
JNJ,2007-04-26,2007-04-27,63.845099999999995,64.01,0.25828137163228515,1
JNJ,2008-02-01,2008-05-06,62.7165,67.7,7.946074796903524,65
JNJ,2008-10-14,2009-07-21,65.835,59.33,-9.880762512341457,192
JNJ,2009-07-22,2009-07-23,58.8555,59.26,0.6872764652411378,1
JNJ,2010-05-24,2010-10-01,60.013799999999996,62.09,3.4595376396762134,91
JNJ,2010-10-04,2010-10-20,60.9246,63.32,3.931745140714926,12
JNJ,2011-02-02,2011-05-06,59.8554,65.25,9.012720656782847,65
JNJ,2011-05-09,2011-05-17,64.4589,66.23,2.7476422960987623,6
JNJ,2011-08-10,2012-06-22,61.0038,66.66,9.271881423780147,219
JNJ,2012-06-25,2012-07-09,65.59740000000001,67.74,3.2662879931216526,9
JNJ,2014-01-31,2014-03-25,88.1199,95.7,8.60202973448676,36
JNJ,2014-03-26,2014-03-27,96.53490000000001,97.08,0.5646662502369448,1
JNJ,2014-10-16,2015-11-02,96.0003,101.18,5.395503972383442,263
JNJ,2015-11-03,2015-11-09,100.8216,101.39,0.5637680814428725,4
JNJ,2017-01-26,2017-03-23,110.88,126.1,13.72655122655122,39
JNJ,2018-02-07,2018-08-22,130.57109999999997,135.56,3.820830183708357,136
JNJ,2018-08-23,2018-09-25,133.2639,140.53,5.45241434477004,22
JNJ,2018-12-27,2019-03-08,124.6113,138.09,10.816595284697295,48
JNJ,2019-05-31,2019-12-02,130.2048,137.72,5.771830224384966,128
JNJ,2019-12-03,2020-01-06,135.5409,144.0,6.240994415707735,22
JPM,2000-10-16,2001-01-08,39.785625,49.0,23.160060951662807,57
JPM,2001-01-09,2001-11-21,49.37625,39.4,-20.20455178349916,216
JPM,2001-11-23,2002-03-14,38.214,35.01,-8.384361752237401,75
JPM,2002-03-15,2002-11-27,34.7688,24.55,-29.390718115091687,179
JPM,2002-11-29,2003-01-09,25.145999999999997,26.85,6.776425674063491,27
JPM,2003-02-18,2003-04-17,21.859199999999998,26.5,21.230420143463636,42
JPM,2004-04-23,2004-08-31,38.016,39.11,2.877735690235683,89
JPM,2004-09-01,2005-10-26,39.1248,35.71,-8.727967938494253,291
JPM,2005-10-27,2005-11-16,35.739000000000004,37.91,6.074596379305497,14
JPM,2006-06-16,2006-08-02,40.194,45.9,14.196148678907283,32
JPM,2007-03-07,2007-05-01,48.2031,52.4,8.706701436214681,38
JPM,2007-05-02,2009-08-07,51.48,41.28,-19.813519813519807,572
JPM,2009-08-10,2009-08-12,41.609700000000004,41.19,-1.0086590386376382,2
JPM,2010-01-28,2010-03-31,39.2832,44.31,12.796309872922773,43
JPM,2010-05-24,2011-01-10,39.758399999999995,43.27,8.83234737816414,160
JPM,2011-01-11,2011-02-18,43.263000000000005,47.82,10.5332501213508,27
JPM,2011-06-10,2012-03-06,40.1841,39.45,-1.8268419598796437,185
JPM,2012-03-07,2012-03-30,39.065400000000004,46.08,17.956042943371877,17
JPM,2012-06-07,2012-09-11,33.432300000000005,38.8,16.05543142410182,66
JPM,2013-08-21,2013-11-21,51.400800000000004,56.28,9.49245926133444,65
JPM,2013-11-22,2013-12-02,56.6775,57.1,0.7454457236116596,5
JPM,2014-04-17,2014-06-12,54.7866,57.07,4.16780745656784,38
JPM,2014-06-13,2014-08-28,56.4597,59.25,4.9421091504205705,53
JPM,2014-10-20,2015-04-17,55.539,63.25,13.883937413349168,123
JPM,2015-04-20,2015-05-21,62.5878,66.14,5.675546991586211,23
JPM,2015-08-27,2015-11-10,63.340199999999996,67.19,6.077972598760351,52
JPM,2016-01-25,2016-04-22,55.9152,63.64,13.815205883194558,62
JPM,2016-06-29,2016-09-02,59.7564,67.4,12.791265872776814,46
JPM,2017-04-18,2017-07-13,84.5064,92.69,9.684000265068683,60
JPM,2018-06-29,2018-07-27,105.6132,115.18,9.058337404794091,19
JPM,2018-10-17,2019-04-16,107.2962,109.9,2.4267401827837487,123
JPM,2019-04-17,2019-05-07,110.583,114.03,3.1171156506877296,13
JPM,2020-03-03,2020-06-10,119.7603,110.445,-7.778287128539263,69
MCD,2000-02-24,2000-11-07,31.80375,31.8125,0.027512478874336388,179
MCD,2000-11-08,2000-11-17,31.246875,32.5,4.010401040104017,7
MCD,2001-03-30,2001-06-01,25.3935,30.28,19.243113395160183,43
MCD,2001-09-28,2002-05-15,27.225,30.0,10.192837465564741,157
MCD,2002-07-08,2003-05-08,27.4725,17.05,-37.93793793793794,211
MCD,2003-05-09,2003-05-20,17.325,18.15,4.761904761904767,7
MCD,2004-05-24,2004-11-10,25.145999999999997,29.96,19.144197884355375,118
MCD,2005-07-05,2005-07-20,27.5418,30.68,11.394317001793652,11
MCD,2005-07-21,2005-08-15,30.195,32.63,8.06424904785561,17
MCD,2006-05-26,2006-09-29,33.0165,39.55,19.78859055320823,87
MCD,2007-08-02,2007-09-18,47.599199999999996,54.97,15.485134203936202,32
MCD,2008-01-22,2008-05-01,48.8763,59.54,21.817731702276966,70
MCD,2008-10-13,2009-06-08,54.766799999999996,58.58,6.962612385605893,163
MCD,2009-06-09,2009-10-21,58.4298,58.8,0.6335808097922557,94
MCD,2011-01-06,2011-06-01,74.15100000000001,81.47,9.870399590025736,100
MCD,2011-06-02,2011-07-12,80.1405,85.2,6.313287289198355,27
MCD,2012-05-17,2012-09-26,90.3672,92.89,2.7917208898804002,91
MCD,2012-09-27,2012-12-20,92.44619999999999,89.97,-2.6785308644379002,57
MCD,2012-12-21,2013-01-25,88.7535,93.31,5.1338820440884,22
MCD,2013-08-20,2014-03-14,94.5549,97.33,2.9349087144082464,142
MCD,2014-03-17,2014-04-21,97.15859999999999,99.8,2.718647654453643,24
MCD,2014-08-19,2014-11-18,93.654,96.04,2.54767548636472,64
MCD,2014-11-19,2014-12-02,95.7726,95.21,-0.5874331489382212,8
MCD,2014-12-12,2015-03-06,89.7534,98.27,9.48888844322331,56
MCD,2015-03-09,2015-10-20,95.8419,104.05,8.564208347288616,157
MCD,2015-10-21,2015-11-13,102.9402,111.85,8.655316387572576,17
MCD,2016-06-29,2016-07-26,117.9684,123.5,4.689052322486353,18
MCD,2018-02-07,2018-10-26,163.21140000000003,174.60001,6.977827529204439,182
MCD,2018-10-29,2018-11-13,173.25,183.94,6.170274170274159,11
MCD,2019-10-31,2020-01-14,195.4259901,205.46001,5.134434726346049,50
MCD,2020-01-15,2020-01-27,205.2468099,207.84,1.2634496493579839,7
MCD,2020-03-03,2020-06-10,199.98,199.22,-0.3800380038003759,69
MRK,1999-12-15,2000-11-08,68.000625,89.0,30.881149989430234,228
MRK,2000-11-09,2002-11-08,89.595,55.42,-38.14386963558234,499
MRK,2002-11-11,2002-11-27,55.341,59.2,6.973130228944191,12
MRK,2003-01-29,2003-06-20,53.6085,62.3,16.2129139968475,99
MRK,2003-08-08,2004-01-12,55.341,46.3,-16.33689308107913,107
MRK,2004-01-13,2004-12-28,45.2331,31.99,-29.277453899909577,241
MRK,2004-12-29,2005-01-03,31.9275,31.99,0.19575600970949125,3
MRK,2005-06-14,2005-11-16,31.2345,30.11,-3.600185692103286,109
MRK,2005-11-17,2005-11-29,29.690099999999997,29.6,-0.3034681594201283,7
MRK,2008-02-13,2009-06-02,46.4409,27.51,-40.763421897508444,327
MRK,2009-06-03,2009-06-04,27.1161,27.47,1.3051286873849932,1
MRK,2010-04-26,2011-01-11,35.224199999999996,37.24,5.722770140982636,181
MRK,2011-01-12,2011-04-19,36.828,33.94,-7.841859454762689,67
MRK,2011-04-20,2011-05-23,33.7293,36.67,8.71853255181696,22
MRK,2011-08-10,2011-12-29,30.195,37.6,24.523927802616342,98
MRK,2011-12-30,2012-01-10,37.2141,38.75,4.127199099266132,6
MRK,2012-11-19,2013-04-16,42.8868,46.64,8.751410690468852,100
MRK,2013-04-17,2013-04-25,46.2528,47.95,3.6693994741940017,6
MRK,2014-10-22,2014-12-10,54.677699999999994,60.12,9.953417938208808,34
MRK,2015-03-13,2016-04-12,55.4697,54.97,-0.9008521769542699,272
MRK,2016-04-13,2016-04-18,54.9054,56.14,2.2485948558793822,3
MRK,2017-11-29,2018-01-25,54.489599999999996,61.3,12.498531829927174,38
MRK,2019-04-26,2019-06-14,75.8736,82.71,9.010248624027328,34
MSFT,1999-11-23,2000-01-05,44.17875,55.5625,25.76747870865517,29
MSFT,2000-04-18,2000-06-23,37.8675,39.96875,5.54895358816927,46
MSFT,2000-06-26,2001-04-24,38.3625,34.1,-11.111111111111105,208
MSFT,2001-04-25,2001-11-15,33.44714999999999,33.05,-1.187395637595423,139
MSFT,2001-11-16,2003-09-10,32.8482,28.03,-14.668079225041241,455
MSFT,2003-09-11,2003-09-23,27.383399999999998,29.12,6.341798315767955,8
MSFT,2004-03-15,2004-04-27,25.047,27.16,8.43614005669342,30
MSFT,2004-04-28,2004-06-17,26.739900000000002,27.31,2.132019940239105,34
MSFT,2005-01-26,2005-08-09,25.8093,27.22,5.465859205790147,135
MSFT,2005-08-10,2005-11-28,27.1359,27.79,2.4104599442067443,76
MSFT,2005-11-29,2005-12-06,27.5121,27.9,1.409925087506947,5
MSFT,2006-01-04,2006-08-23,26.502299999999998,25.65,-3.21594729514042,160
MSFT,2006-08-24,2006-08-30,25.5618,25.85,1.1274636371460423,4
MSFT,2007-03-15,2007-05-01,27.0468,29.94,10.697014064510402,32
MSFT,2008-02-14,2008-04-28,28.591199999999997,29.8,4.22787431097682,50
MSFT,2008-04-29,2009-06-23,28.512,23.38,-17.999438832772174,290
MSFT,2009-06-24,2009-07-27,23.2155,23.44,0.9670263401606816,22
MSFT,2010-05-11,2010-11-04,28.3932,27.41,-3.4628009523407055,124
MSFT,2010-11-05,2010-12-20,26.898300000000003,27.95,3.90991252235271,30
MSFT,2011-03-09,2011-07-12,25.5519,26.55,3.906167447430531,86
MSFT,2011-07-13,2011-07-21,26.334,27.04,2.6809447862079505,6
MSFT,2012-10-31,2013-04-12,28.2645,28.85,2.0715031222912073,111
MSFT,2013-04-15,2013-04-24,28.3635,30.62,7.955647222662932,7
MSFT,2013-07-23,2013-11-12,31.5909,37.38,18.325213906536387,79
MSFT,2015-01-30,2015-05-06,41.134499999999996,47.57,15.645018172094005,66
MSFT,2015-05-07,2015-11-11,45.807300000000005,53.7,17.230223130374412,131
MSFT,2015-11-12,2016-07-28,52.9452,56.0,5.769739277592678,177
MSFT,2016-07-29,2016-08-02,55.697399999999995,56.85,2.069396417067959,2
MSFT,2018-12-27,2019-03-25,98.307,116.56,18.567345153447867,59
NKE,1999-11-29,2000-04-17,5.6692944,5.35938,-5.4665427147336025,97
NKE,2000-04-18,2001-01-03,5.1742944,6.40625,23.809151640076752,179
NKE,2001-03-08,2001-07-19,4.982175,5.74875,15.386352346113895,92
NKE,2001-07-20,2001-07-23,5.905349999999999,5.88875,-0.2811010355016963,1
NKE,2001-09-24,2001-11-27,5.531625,6.51875,17.84511784511784,45
NKE,2004-05-13,2004-07-02,8.4249,9.43,11.93011193011193,34
NKE,2004-07-06,2004-09-23,9.288675,9.8625,6.1776841153340145,56
NKE,2005-04-20,2005-06-28,9.627749999999999,10.73125,11.461660304847964,48
NKE,2005-06-29,2005-11-09,10.9085625,10.8875,-0.19308226908908432,93
NKE,2005-11-10,2005-12-16,10.704375,11.25,5.097214923804505,25
NKE,2006-02-02,2006-09-07,10.293525,10.12125,-1.6736249244063695,150
NKE,2006-09-08,2006-09-15,9.998999999999999,10.35,3.5103510351035094,5
NKE,2008-01-23,2008-03-26,13.73625,17.0375,24.033124033124054,43
NKE,2008-03-27,2009-08-06,16.471125,14.3125,-13.10551040077712,344
NKE,2009-08-07,2009-08-11,14.3451,14.23,-0.8023645704805071,2
NKE,2011-03-31,2011-05-17,18.931275,21.205,12.010416625398967,32
NKE,2011-05-18,2011-07-12,21.010275,22.82,8.613523621180597,37
NKE,2012-07-06,2012-12-27,22.673475,25.61,12.951367181254735,119
NKE,2014-01-29,2014-09-10,35.79345,40.865,14.16893314279568,155
NKE,2014-09-11,2014-10-02,40.6692,43.835,7.784269176674252,15
NKE,2015-08-27,2015-09-29,54.63315,61.0,11.653821901171725,22
NKE,2016-06-07,2016-08-26,53.618399999999994,58.57,9.234889515539457,57
NKE,2016-10-19,2017-02-17,50.826600000000006,56.12,10.41462541267759,83
NKE,2017-05-24,2017-07-06,51.7275,57.45,11.062780919240268,29
NKE,2017-08-23,2017-10-30,53.3808,55.71,4.363366603722696,47
NKE,2017-10-31,2017-12-07,54.2025,59.86,10.437710437710447,26
NKE,2018-10-15,2019-02-07,75.0123,82.15,9.515372812192147,78
NKE,2019-02-08,2019-02-20,81.4275,84.63,3.932946486137978,7
NKE,2019-05-31,2019-10-02,77.22,91.47,18.453768453768447,86
NKE,2019-10-03,2019-10-23,90.3969,95.03,5.12528637597085,14
NKE,2020-03-03,2020-05-29,91.81259999999999,98.19,6.946105436508732,61
NKE,2020-06-01,2020-06-05,97.41600000000001,104.0,6.758643344009196,4
PG,2000-01-26,2000-08-25,49.005,31.0625,-36.61361085603511,148
PG,2000-08-28,2000-10-16,31.06125,36.1875,16.50368224073402,34
PG,2001-03-28,2001-05-18,30.590999999999998,33.58,9.770847634925307,36
PG,2001-05-21,2001-07-16,32.175,34.07,5.889665889665907,38
PG,2001-09-25,2002-02-20,34.3827,42.12,22.503468314006735,101
PG,2002-07-23,2003-03-25,39.105,43.785,11.967779056386663,169
PG,2004-07-27,2005-10-05,52.5888,57.8,9.909334306924666,302
PG,2005-10-06,2005-12-16,56.43,59.19,4.891015417331213,50
PG,2006-04-17,2006-08-10,55.638000000000005,59.6,7.121032387936288,81
PG,2006-08-11,2006-08-15,59.390100000000004,60.25,1.4478844117117085,2
PG,2007-03-01,2007-10-16,62.1225,70.98,14.258119038995542,159
PG,2008-02-04,2008-08-12,65.8944,69.22,5.046862859362844,132
PG,2008-08-13,2008-08-14,69.5178,69.55,0.04631907223762166,1
PG,2008-10-14,2009-09-22,64.8945,57.3,-11.702840764625655,236
PG,2009-09-23,2009-09-30,56.766600000000004,57.84,1.8909006352326951,5
PG,2010-12-02,2010-12-28,61.5285,64.8,5.31704819717691,17
PG,2011-03-18,2011-05-09,60.3108,64.93,7.658993082499332,35
PG,2011-08-08,2012-03-02,59.5188,66.72,12.099034254722874,143
PG,2012-03-05,2012-07-17,65.9439,64.64,-1.9772867543472517,93
PG,2012-07-18,2012-07-23,64.18169999999999,64.4,0.3401281050517735,3
PG,2013-08-30,2013-11-20,76.7547,84.31,9.84343629771207,57
PG,2014-02-05,2014-04-30,75.1806,82.39,9.58944195710063,58
PG,2014-08-04,2014-08-27,78.66539999999999,83.43,6.056792439878289,17
PG,2015-01-30,2015-10-29,84.23910000000001,76.75,-8.890289663588536,189
PG,2015-10-30,2015-12-18,76.2102,79.95,4.907217144161802,34
PG,2017-10-27,2018-08-10,86.6547,81.3,-6.179353226080075,197
PG,2018-08-13,2018-08-23,80.883,83.01,2.6297244167501344,8
PG,2018-10-15,2018-10-26,78.21990000000001,88.69,13.38546840382049,9
CRM,2004-07-23,2004-09-20,3.205125,3.9375,22.850122850122865,40
CRM,2004-09-21,2004-10-11,3.972375,4.41,11.016709147550262,14
CRM,2004-12-22,2005-06-08,3.922875,4.9625,26.501609151451433,115
CRM,2005-06-09,2005-07-19,4.93515,5.575,12.965158100564311,27
CRM,2005-09-01,2005-11-04,4.7817,6.7,40.117531421879264,45
CRM,2006-05-23,2006-09-07,7.425,8.2525,11.144781144781145,74
CRM,2006-09-08,2006-09-15,8.266499999999999,8.735,5.667452972842213,5
CRM,2008-08-25,2009-03-16,13.629825,8.22,-39.69108187375846,139
CRM,2009-03-17,2009-03-23,8.0883,8.9675,10.870022130732027,4
CRM,2011-08-10,2012-02-07,32.076,30.71,-4.258635740117223,124
CRM,2012-02-08,2012-02-21,30.5217,32.6375,6.932117149437955,8
CRM,2013-06-10,2013-08-07,39.5505,45.2,14.28426947826198,41
CRM,2014-12-18,2015-03-03,57.905100000000004,68.06,17.537142669643945,49
CRM,2016-01-25,2016-06-06,70.5177,82.86,17.502414287476743,92
CRM,2016-06-07,2016-06-10,82.1502,82.0,-0.1828358299797217,3
CRM,2016-09-15,2017-01-27,72.78479999999999,78.19,7.426275815829686,92
CRM,2017-01-30,2017-02-02,77.02199999999999,78.33,1.698216094102989,3
CRM,2018-10-12,2020-01-23,144.31230000000002,183.21001,26.953842465264554,320
CRM,2020-01-24,2020-01-27,183.15,178.77,-2.3914823914823913,1
TRV,2000-03-10,2000-04-07,22.5225,33.0,46.52014652014651,20
TRV,2001-03-28,2001-05-18,41.58,47.93,15.27176527176528,36
TRV,2001-07-19,2001-10-18,44.253,50.43,13.958375703342153,60
TRV,2001-10-19,2002-02-19,47.519999999999996,48.0,1.0101010101010166,82
TRV,2002-02-20,2003-04-25,46.6785,36.05,-22.76958342705957,297
TRV,2003-04-28,2003-06-04,35.0955,35.76,1.893405137410764,26
TRV,2004-03-15,2004-11-10,40.2237,35.86,-10.848579320152052,167
TRV,2004-11-11,2004-11-12,36.0657,36.25,0.5110118478221626,1
TRV,2005-04-22,2005-06-13,33.9075,39.05,15.166261151662596,35
TRV,2008-01-24,2009-08-11,46.01519999999999,46.06,0.09735913350372716,390
TRV,2009-08-12,2009-09-02,44.748000000000005,49.11,9.747921694824345,15
TRV,2011-06-17,2011-11-01,57.509100000000004,57.35,-0.27665186900855954,95
TRV,2011-11-02,2012-01-24,56.479499999999994,59.85,5.9676519799219285,55
TRV,2014-01-29,2014-05-07,81.4869,90.33,10.85217378498875,68
TRV,2014-05-08,2014-06-02,90.0702,93.7,4.029967736276818,16
TRV,2014-08-05,2014-11-04,88.7733,100.24,12.916834228309625,64
TRV,2014-11-05,2014-12-11,100.5642,103.78,3.197758247964977,25
TRV,2015-08-27,2015-11-09,100.0791,112.72,12.630908951019748,51
TRV,2016-04-25,2017-01-04,109.44449999999999,120.87,10.439537847950353,176
TRV,2017-01-05,2017-02-22,118.09710000000001,121.42,2.813701606559338,32
TRV,2017-09-11,2017-10-26,122.2749,132.72,8.542309173836982,33
TRV,2018-05-07,2019-03-05,128.34359999999998,132.42,3.1761614914962655,207
TRV,2019-03-06,2019-03-20,131.38290990000002,133.10001,1.306943270861427,10
TRV,2019-11-01,2020-06-11,130.2048,116.075,-10.85198087935314,152
UNH,2001-09-25,2001-11-28,15.345,17.785,15.900944933202998,45
UNH,2002-03-06,2002-05-10,17.127,22.14,29.26957435627957,46
UNH,2002-11-27,2003-06-16,20.0475,25.6,27.696720289312893,136
UNH,2006-04-13,2006-07-24,52.9254,50.1,-5.338457527009721,69
UNH,2006-07-25,2006-07-27,50.3019,48.7,-3.1845715569391975,2
UNH,2007-06-22,2007-11-23,51.163199999999996,53.66,4.880070050348695,107
UNH,2007-11-26,2007-11-27,53.5293,53.55,0.03867041041074604,1
UNH,2008-01-29,2008-08-19,51.6978,31.97,-38.159844326064174,141
UNH,2008-08-20,2009-05-12,30.6405,27.06,-11.68551427032849,182
UNH,2009-05-13,2009-07-30,26.7993,28.84,7.614751131559405,54
UNH,2009-10-07,2009-12-21,24.175800000000002,31.97,32.23967769422313,52
UNH,2010-07-06,2010-08-12,28.205099999999998,31.71,12.426476062839708,27
UNH,2011-08-04,2011-12-29,46.124100000000006,50.93,10.419498700245633,102
UNH,2011-12-30,2012-01-11,50.5494,52.49,3.83901688249515,7
UNH,2012-11-19,2013-04-16,51.707699999999996,62.18,20.25288303289452,100
UNH,2015-08-27,2016-03-16,114.0975,124.39,9.020793619492107,138
UNH,2016-08-30,2016-11-18,135.8973,151.05,11.150111150111153,57
UNH,2016-11-21,2016-11-28,148.2228,152.74001,3.0475810738968656,4
UNH,2018-12-27,2019-07-19,236.70900989999998,261.10001,10.304212801322699,140
UNH,2019-07-22,2019-10-24,255.55860990000002,248.03,-2.945942577691263,67
UNH,2019-10-25,2019-11-01,241.4709,253.99001,5.184521199034764,5
V,2008-10-09,2009-09-18,13.313025,18.48,38.811427154985445,237
V,2009-09-21,2009-11-13,18.084825,19.9825,10.493189732275553,39
V,2010-05-11,2010-10-20,21.069675,19.44,-7.734694531358455,113
V,2010-10-21,2010-10-22,19.663875,19.7875,0.6286909370609939,1
V,2010-12-21,2011-07-01,16.9983,21.025,23.6888394721825,133
V,2014-04-10,2014-07-18,51.544349999999994,54.795,6.306510800892839,68
V,2014-07-21,2014-12-15,54.333675,64.5425,18.789130313751112,103
V,2015-08-27,2016-04-20,71.22059999999999,80.88,13.5626490088542,162
V,2018-10-15,2019-03-05,138.5009901,148.0,6.858441873333576,95
V,2019-03-06,2019-03-21,146.52,153.32001,4.641011466011458,11
WBA,2000-03-09,2000-07-05,24.62625,32.25,30.957819400030463,81
WBA,2001-07-20,2002-03-04,32.5116,40.15,23.494383543104604,151
WBA,2002-03-05,2003-03-25,39.006,30.4,-22.06327231707943,266
WBA,2003-03-26,2003-09-04,30.3435,32.2,6.118279038344299,112
WBA,2004-03-26,2004-06-25,33.065999999999995,36.33,9.871166757394324,62
WBA,2005-09-23,2006-07-03,42.4116,44.75,5.513585905742779,194
WBA,2006-07-05,2006-07-17,44.649,45.92,2.846648301193766,8
WBA,2006-09-27,2006-12-28,45.3915,46.2,1.781170483460559,64
WBA,2006-12-29,2007-03-27,45.738,47.11,2.9996939087848284,58
WBA,2007-05-02,2009-04-23,44.104499999999994,29.73,-32.59191238989217,498
WBA,2009-04-24,2009-05-06,29.3634,31.38,6.867733300639567,8
WBA,2010-02-10,2010-10-20,33.214499999999994,33.74,1.5821403302774595,175
WBA,2010-10-21,2010-11-08,33.9273,35.04,3.2796597430387875,12
WBA,2011-07-29,2012-08-14,38.6199,36.12,-6.473087708668334,263
WBA,2012-08-15,2012-08-22,35.0856,35.66,1.637138883188527,5
WBA,2012-11-20,2012-12-24,32.3829,36.26,11.972676937519488,23
WBA,2013-07-09,2013-07-24,45.0846,51.19,13.542096414296667,11
WBA,2014-08-12,2014-11-18,61.5285,66.64,8.30753228178811,69
WBA,2015-08-27,2016-04-06,85.4172,83.34,-2.4318287183377474,152
WBA,2017-04-07,2017-05-03,80.982,85.89,6.060606060606055,17
WBA,2017-05-23,2018-01-31,80.75429999999999,76.7,-5.020537606046959,174
WBA,2018-02-01,2018-08-23,73.7847,69.55,-5.739265728531806,141
WBA,2019-01-02,2019-09-13,66.528,55.95,-15.900072150072154,176
WBA,2019-09-16,2019-11-07,54.7965,59.82,9.16755632202786,38
WMT,2000-02-25,2003-03-25,43.869375,52.62,19.947001752361416,771
WMT,2003-03-26,2004-02-10,52.776900000000005,57.15,8.286011493664835,221
WMT,2004-02-11,2004-02-27,57.123000000000005,59.4,3.986135181975725,11
WMT,2004-05-11,2004-11-17,54.6678,57.35,4.906361697379458,132
WMT,2004-11-18,2005-11-16,55.6776,48.78,-12.38846502004396,251
WMT,2005-11-17,2005-11-29,48.5496,50.01,3.0080577388897023,7
WMT,2006-01-09,2006-03-28,45.4311,47.95,5.544439822060232,54
WMT,2006-07-20,2006-09-25,43.9065,48.25,9.892612711102,46
WMT,2008-10-14,2009-08-19,55.4697,51.07,-7.931717676497263,213
WMT,2009-08-20,2009-08-24,51.084,51.52,0.8534962023334147,2
WMT,2010-05-28,2010-09-24,50.2425,53.95,7.379210827486693,82
WMT,2011-03-01,2011-05-06,51.6384,55.3,7.09084712152197,47
WMT,2011-08-08,2011-10-26,50.291999999999994,57.1,13.536944245605675,56
WMT,2011-10-27,2011-10-31,57.221999999999994,56.58,-1.1219461046450552,2
WMT,2012-11-26,2013-03-27,69.42869999999999,74.31,7.030665992593854,83
WMT,2013-09-03,2013-12-05,72.7452,79.72,9.587986561312633,66
WMT,2013-12-06,2014-04-10,78.9129,77.95,-1.2202060753057964,85
WMT,2014-04-11,2014-05-05,76.0122,78.86,3.7465038506976356,15
WMT,2014-08-07,2014-09-09,73.59660000000001,76.56,4.026544704510804,22
WMT,2015-04-21,2016-01-11,77.8239,63.76,-18.071440778475502,183
WMT,2016-01-12,2016-02-03,63.7362,67.31,5.60717457269182,15
WMT,2016-10-14,2017-02-24,67.7358,71.34,5.320967641926444,90
WMT,2018-03-06,2018-08-21,89.4465,95.96,7.2820065625820884,117
WMT,2018-08-22,2018-11-01,95.238,99.96,4.9581049581049585,50
WMT,2018-12-27,2019-02-21,88.8525,99.66,12.163416898792923,37
